호선,역명,위도,경도,,
1,서울,37.55315,126.972533,,
1,시청,37.56359,126.975407,,
1,종각,37.570203,126.983116,,
1,종로3가,37.570429,126.992095,,
1,종로5가,37.570971,127.0019,,
1,동대문,37.57179,127.011383,,
1,동묘앞,37.573265,127.016459,,
1,신설동,37.576117,127.02471,,
1,제기동,37.578116,127.034902,,
1,청량리,37.580148,127.045063,,
2,을지로입구,37.565998,126.982569,,
2,을지로3가,37.566292,126.991773,,
2,을지로4가,37.566611,126.998122,,
2,동대문역사문화공원,37.565597,127.009113,,
2,신당,37.565681,127.019488,,
2,상왕십리,37.564504,127.028872,,
2,왕십리,37.561159,127.035505,,
2,한양대,37.55658,127.043504,,
2,뚝섬,37.54718,127.047413,,
2,성수,37.544628,127.055983,,
2,건대입구,37.540408,127.069231,,
2,구의,37.536857,127.085024,,
2,강변,37.535161,127.094684,,
2,잠실나루,37.520688,127.103836,,
2,잠실,37.513305,127.100129,,
2,잠실새내,37.520731,127.103738,,
2,종합운동장,37.511008,127.073641,,
2,삼성,37.508827,127.063203,,
2,선릉,37.504257,127.048174,,
2,역삼,37.500658,127.03643,,
2,강남,37.497958,127.027539,,
2,교대,37.493957,127.014631,,
2,서초,37.49191,127.007945,,
2,방배,37.481469,126.997627,,
2,사당,37.476536,126.981631,,
2,낙성대,37.47693,126.963783,,
2,서울대입구,37.481233,126.952745,,
2,봉천,37.482416,126.941896,,
2,신림,37.484216,126.929573,,
2,신대방,37.487534,126.913279,,
2,구로디지털단지,37.485005,126.902626,,
2,대림,37.492426,126.895293,,
2,신도림,37.508815,126.891222,,
2,문래,37.517993,126.894766,,
2,영등포구청,37.525766,126.896627,,
2,당산,37.533877,126.902011,,
2,합정,37.550025,126.914557,,
2,홍대입구,37.556748,126.923643,,
2,신촌,37.555153,126.93689,,
2,이대,37.556734,126.945897,,
2,아현,37.557407,126.956079,,
2,충정로,37.559742,126.964455,,
2,시청,37.563534,126.975271,,
2,신설동,37.574653,127.025158,,
2,용두,37.574012,127.03811,,
2,신답,37.56147,127.056348,,
2,용답,37.566412,126.977863,,
2,도림천,37.514759,126.882586,,
2,양천구청,37.512194,126.865193,,
2,신정네거리,37.520218,126.852849,,
2,까치산,37.53181,126.846706,,
3,지축,37.648281,126.912551,,
3,구파발,37.636612,126.918827,,
3,연신내,37.618855,126.920859,,
3,불광,37.610554,126.929843,,
3,녹번,37.600882,126.935758,,
3,홍제,37.588851,126.944092,,
3,무악재,37.582658,126.950131,,
3,독립문,37.574534,126.957902,,
3,경복궁,37.575844,126.973576,,
3,안국,37.576562,126.98547,,
3,종로3가,37.571537,126.991237,,
3,을지로3가,37.566299,126.992616,,
3,충무로,37.561302,126.995473,,
3,동대입구,37.55816,127.005273,,
3,약수,37.554674,127.010628,,
3,금호,37.548269,127.015785,,
3,옥수,37.541653,127.017303,,
3,압구정,37.526169,127.028502,,
3,신사,37.516438,127.020247,,
3,잠원,37.512989,127.011613,,
3,고속터미널,37.504953,127.004916,,
3,교대,37.49306,127.013796,,
3,남부터미널,37.48494,127.016289,,
3,양재,37.48466,127.03513,,
3,매봉,37.487114,127.046907,,
3,도곡,37.491129,127.055694,,
3,대치,37.494601,127.063449,,
3,학여울,37.496757,127.070541,,
3,대청,37.493607,127.079526,,
3,일원,37.48389,127.08416,,
3,수서,37.487507,127.101324,,
3,가락시장,37.492368,127.118101,,
3,경찰병원,37.495754,127.124198,,
3,오금,37.502288,127.128344,,
4,당고개,37.66956,127.078404,,
4,상계,37.660576,127.073199,,
4,노원,37.656274,127.063183,,
4,창동,37.652993,127.046746,,
4,쌍문,37.648274,127.034381,,
4,수유,37.637127,127.024731,,
4,미아,37.626435,127.026151,,
4,미아사거리,37.613276,127.030083,,
4,길음,37.604087,127.025353,,
4,성신여대입구,37.592782,127.017338,,
4,한성대입구,37.58838,127.006751,,
4,혜화,37.582116,127.001759,,
4,동대문,37.5708397,127.009403,,
4,동대문역사문화공원,37.565083,127.007645,,
4,충무로,37.561302,126.995473,,
4,명동,37.561055,126.988271,,
4,회현,37.559698,126.979565,,
4,서울,37.553172,126.972836,,
4,숙대입구,37.545124,126.971952,,
4,삼각지,37.535057,126.973354,,
4,신용산,37.52919,126.96858,,
4,이촌,37.522525,126.97335,,
4,동작,37.503567,126.980171,,
4,총신대입구,37.487521,126.982309,,
4,사당,37.476563,126.981746,,
4,남태령,37.464339,126.989081,,
5,방화,37.577669,126.812822,,
5,개화산,37.572458,126.806838,,
5,김포공항,37.56217,126.801273,,
5,송정,37.561411,126.812052,,
5,마곡,37.562182,126.82693,,
5,발산,37.562182,126.82693,,
5,우장산,37.548864,126.83633,,
5,화곡,37.541585,126.840436,,
5,까치산,37.53181,126.846706,,
5,신정,37.525001,126.856176,,
5,목동,37.526088,126.864296,,
5,오목교,37.524557,126.875049,,
5,양평,37.525614,126.886177,,
5,영등포구청,37.524209,126.895022,,
5,영등포시장,37.52276,126.905143,,
5,신길,37.51763,126.914886,,
5,여의도,37.521578,126.924318,,
5,여의나루,37.527145,126.932807,,
5,마포,37.539718,126.946043,,
5,공덕,37.544005,126.951058,,
5,애오개,37.553592,126.956733,,
5,충정로,37.560061,126.962783,,
5,서대문,37.565812,126.966639,,
5,광화문,37.570545,126.976568,,
5,종로3가,37.572546,126.990447,,
5,을지로4가,37.56658,126.998127,,
5,동대문역사문화공원,37.564682,127.00533,,
5,청구,37.560237,127.01379,,
5,신금호,37.554504,127.020403,,
5,행당,37.557297,127.029482,,
5,왕십리,37.56197,127.037264,,
5,마장,37.566066,127.042921,,
5,답십리,37.566833,127.05266,,
5,장한평,37.561438,127.064601,,
5,군자,37.557102,127.079559,,
5,아차산,37.552005,127.089609,,
5,광나루,37.545301,127.103478,,
5,천호,37.538566,127.123539,,
5,강동,37.53581,127.13249,,
5,길동,37.538022,127.140085,,
5,굽은다리,37.545442,127.142844,,
5,명일,37.551317,127.144002,,
5,고덕,37.555002,127.154214,,
5,상일동,37.556714,127.166381,,
5,둔촌동,37.527787,127.136219,,
5,올림픽공원,37.516217,127.130957,,
5,방이,37.508752,127.126054,,
5,오금,37.502228,127.127701,,
5,개롱,37.498097,127.134817,,
5,거여,37.493208,127.143983,,
5,마천,37.494972,127.152784,,
5,강일,37.557521,127.176018,,
5,미사,37.56329,127.192954,,
5,하남풍산,37.552201,127.203897,,
5,하남시청,37.541723,127.206901,,
5,하남검단산,37.539729,127.223427,,
6,응암,37.59859,126.915583,,
6,역촌,37.60605,126.922764,,
6,불광,37.610919,126.929504,,
6,독바위,37.618413,126.933035,,
6,연신내,37.618596,126.920519,,
6,구산,37.611223,126.917246,,
6,새절,37.591148,126.913613,,
6,증산,37.583989,126.909785,,
6,디지털미디어시티,37.577005,126.898643,,
6,월드컵경기장,37.569439,126.899077,,
6,마포구청,37.563535,126.903326,,
6,망원,37.556031,126.910129,,
6,합정,37.549033,126.913546,,
6,상수,37.547704,126.92292,,
6,광흥창,37.547464,126.931971,,
6,대흥,37.547732,126.942214,,
6,공덕,37.543592,126.951664,,
6,효창공원앞,37.539279,126.961348,,
6,삼각지,37.535563,126.973996,,
6,녹사평,37.53469,126.98665,,
6,이태원,37.534485,126.994369,,
6,한강진,37.53956,127.001729,,
6,버티고개,37.547933,127.006948,,
6,약수,37.554087,127.010237,,
6,청구,37.560221,127.013776,,
6,신당,37.566174,127.016158,,
6,동묘앞,37.572275,127.015666,,
6,창신,37.579772,127.015246,,
6,보문,37.585293,127.019377,,
6,안암,37.586261,127.02903,,
6,고려대,37.59034,127.03626,,
6,월곡,37.60192,127.041492,,
6,상월곡,37.606392,127.048509,,
6,돌곶이,37.610522,127.056419,,
6,석계,37.614937,127.065922,,
6,태릉입구,37.617319,127.074741,,
6,화랑대,37.619875,127.084106,,
6,봉화산,37.617293,127.091375,,
6,신내,37.612571,127.104326,,
7,장암,37.70015,127.053126,,
7,도봉산,37.689131,127.046548,,
7,수락산,37.677804,127.055314,,
7,마들,37.664985,127.057701,,
7,노원,37.654478,127.060555,,
7,중계,37.645052,127.064084,,
7,하계,37.636363,127.067999,,
7,공릉,37.625642,127.072969,,
7,태릉입구,37.617319,127.074741,,
7,먹골,37.610638,127.077719,,
7,중화,37.602604,127.079254,,
7,상봉,37.595673,127.085708,,
7,면목,37.588671,127.087503,,
7,사가정,37.580912,127.088502,,
7,용마산,37.573752,127.086802,,
7,중곡,37.565877,127.084291,,
7,군자,37.557151,127.079484,,
7,어린이대공원,37.547962,127.07465,,
7,건대입구,37.540882,127.071103,,
7,뚝섬유원지,37.531558,127.066714,,
7,청담,37.519097,127.051851,,
7,강남구청,37.517185,127.04122,,
7,학동,37.514262,127.031738,,
7,논현,37.511108,127.021385,,
7,반포,37.508171,127.011717,,
7,고속터미널,37.503387,127.005055,,
7,내방,37.48764,126.993541,,
7,총신대입구,37.485258,126.981766,,
7,남성,37.484688,126.971108,,
7,숭실대입구,37.496258,126.953649,,
7,상도,37.50279,126.947949,,
7,장승배기,37.504845,126.939025,,
7,신대방삼거리,37.499717,126.928218,,
7,보라매,37.499916,126.920112,,
7,신풍,37.500107,126.909806,,
7,대림,37.492984,126.896997,,
7,남구로,37.486181,126.887372,,
7,가산디지털단지,37.480376,126.882704,,
7,철산,37.47616,126.868217,,
7,광명사거리,37.47927,126.854854,,
7,천왕,37.486699,126.838684,,
7,온수,37.492059,126.823294,,
8,암사,37.550127,127.127521,,
8,천호,37.53792,127.123179,,
8,강동구청,37.530348,127.120461,,
8,몽촌토성,37.517692,127.11274,,
8,잠실,37.514649,127.104267,,
8,석촌,37.505396,127.106995,,
8,송파,37.49978,127.11212,,
8,가락시장,37.493004,127.118279,,
8,문정,37.485931,127.122473,,
8,장지,37.478609,127.126229,,
8,복정,37.471016,127.126746,,
8,남위례,37.462839,127.139047,,
8,산성,37.456886,127.149927,,
8,남한산성입구,37.451568,127.159845,,
8,단대오거리,37.445057,127.156735,,
8,신흥,37.440952,127.14759,,
8,수진,37.437575,127.140936,,
8,모란,37.433888,127.129921,,
